ID,score
7001,341.96180429941654
7002,2.1468251643644933
7003,1317.89322080546
7004,-601.7637604808095
7005,-491.79680252209374
7006,670.2128928721758
7007,23.78617854342312
7008,-65.15300411151787
7009,-195.26410925457668
7010,991.5389204006448
7011,1272.3259978218491
7012,265.95178391548455
7013,506.71158025870176
7014,486.6699884623804
7015,145.1408399624451
7016,-471.10719194398064
7017,-97.9920250476847
7018,-699.1451379474535
7019,363.00157137552026
7020,-73.02605807250804
7021,853.8828735682063
7022,770.2721794755959
7023,150.44012385943046
7024,-80.36704121551837
7025,983.9048714871236
7026,-774.9926194594224
7027,1507.6545544023838
7028,327.5309730807793
7029,-297.14165239813184
7030,274.00702490194845
7031,-598.9432986487952
7032,-8.223337041953002
7033,-368.2425831833921
7034,309.1060965891597
7035,-137.3082344832759
7036,-405.2260007755452
7037,-66.15182864164923
7038,814.2037761575998
7039,267.5557853192806
7040,431.1623598474138
7041,-381.78313615720134
7042,571.9590207735686
7043,-38.436822264756415
7044,339.78904417961365
7045,-1176.5771606795558
7046,1123.396793730599
7047,-860.1769510790391
7048,-291.7306907813425
7049,259.4665576984196
7050,-346.0304554203194
7051,296.1763751009361
7052,402.28939645386123
7053,361.84777079423367
7054,1009.7398972279786
7055,-286.9501958279635
7056,401.5711870410087
7057,677.7252765956465
7058,1294.5848013349573
7059,-766.8845100876299
7060,565.7913821204719
7061,-76.86748994114699
7062,267.264222624906
7063,-836.8307995383758
7064,459.07628455296225
7065,887.5595868053252
7066,758.598336115071
7067,-896.3434717153962
7068,487.16552634761115
7069,-476.7211676762649
7070,-24.515715825852382
7071,1049.1045391557232
7072,-904.9343108523253
7073,248.33369226379028
7074,841.2347124928625
7075,380.8804775205007
7076,105.89019187879892
7077,47.15411384317325
7078,-270.55285226934797
7079,1219.5110312959898
7080,-72.46238865466496
7081,-1553.753601351448
7082,108.43910601097501
7083,651.218043654187
7084,-482.7424580749013
7085,-488.33916178262047
7086,49.34067790208383
7087,361.1405538875958
7088,-207.2938613901115
7089,541.3744154600699
7090,-63.67255175522443
7091,72.46846155109445
7092,110.66214299944876
7093,-292.2167271021455
7094,-508.4176540905568
7095,-2.0296467931377578
7096,153.66464619990575
7097,1119.969750879304
7098,-788.2313713407132
7099,48.98077418265687
7100,1048.1578713015126
7101,306.3581101085219
7102,958.6671425396815
7103,837.9905099145028
7104,244.02814615061158
7105,214.02288637164338
7106,-27.55726909502328
7107,124.23270484348403
7108,-432.6539567756482
7109,480.40651653069455
7110,649.4309607130875
7111,-368.4164752462756
7112,-221.61930957186297
7113,219.9817400137601
7114,-537.4024902634994
7115,803.2008597866406
7116,-48.512890901797256
7117,-35.38469357162772
7118,-217.64680066180978
7119,-330.90794674737145
7120,-1020.4742272663314
7121,-452.4753322546126
7122,-430.4221370659423
7123,-920.0328741056877
7124,141.8595130135044
7125,46.64835192859571
7126,-341.3220895453278
7127,1142.5747873581706
7128,-882.5075098571189
7129,-456.0124235118619
7130,86.99756682284463
7131,646.4279958483614
7132,-508.09238934607913
7133,-176.300049663795
7134,1111.6973276792078
7135,-19.839772156771417
7136,378.12610388244497
7137,-528.4089937968893
7138,669.4226647326265
7139,-91.86056627309205
7140,-89.02501785924169
7141,524.7095046814858
7142,-83.22163132171305
7143,666.2359930296407
7144,-453.5934888449433
7145,36.388607875926056
7146,986.9120303721612
7147,158.12042148238714
7148,-790.9865240496623
7149,181.666930729849
7150,-919.6257364691354
7151,-277.75094911585927
7152,549.1501461879071
7153,1353.8528401238163
7154,-284.05195713638926
7155,64.42282492169915
7156,-421.89753473231303
7157,336.3622236566905
7158,507.9879470561341
7159,324.77069998943944
7160,-248.05730518701876
7161,737.8068292473096
7162,505.8654240991662
7163,510.80565108649904
7164,423.3183683883795
7165,833.7495404361962
7166,577.0355608335141
7167,823.0922990110166
7168,1715.319544809652
7169,355.4057210477414
7170,989.2652462691856
7171,1180.1364804546313
7172,-486.34456757776775
7173,-578.8710551678142
7174,-500.06273981708097
7175,-116.21544733405112
7176,104.43966913330037
7177,545.872781014944
7178,456.33439531942986
7179,-1155.9698986980632
7180,-615.9944145109987
7181,724.5413499862921
7182,263.52686405208345
7183,-420.0666617043838
7184,-270.1937187959716
7185,691.6694228181708
7186,-405.56288105937466
7187,-543.1654486821557
7188,-76.7747447641599
7189,168.73806910079549
7190,363.67907891987005
7191,634.0530772808277
7192,-115.59168727560059
7193,653.4187231232106
7194,-291.4447222755163
7195,836.2362362584823
7196,-422.9493542783119
7197,-36.523843576014336
7198,-476.5186412339112
7199,461.1278798190432
7200,610.1906118545708
7201,676.9941460251405
7202,-285.9244853574082
7203,1054.6094828113776
7204,720.9173169411929
7205,222.3769061964341
7206,-1613.7591919106171
7207,-305.88220978964074
7208,544.2874130913007
7209,-7.358067130740949
7210,-151.46703571144747
7211,505.27827574879944
7212,269.632997219639
7213,292.98366646015364
7214,-632.5710153035965
7215,100.64736056745332
7216,284.21454127652055
7217,76.85706145986332
7218,312.8451795033525
7219,689.8413310575189
7220,1004.8752972277662
7221,-35.15297020570536
7222,576.7430977402372
7223,-260.13847248874265
7224,666.4186373566754
7225,683.4458297665567
7226,843.5417488199636
7227,825.3694144178946
7228,-306.6036494734659
7229,-1071.842349533836
7230,871.9663985203266
7231,941.9581180680411
7232,612.9147557643248
7233,74.87197225296326
7234,764.3723333223974
7235,288.0707358199077
7236,1045.116842213686
7237,-141.45713659968874
7238,-659.7600136938665
7239,-441.5231311016004
7240,813.1568031298403
7241,-375.9012274048997
7242,1193.197104494825
7243,-335.4329710138906
7244,493.649822851005
7245,978.293181718445
7246,1084.2583292143725
7247,162.9264647925881
7248,-896.2617852605398
7249,-536.0314682620858
7250,868.1383110555536
7251,-336.59252913437035
7252,919.5664146115764
7253,194.35745753849244
7254,230.0650472534183
7255,203.4850563926251
7256,971.125460448017
7257,89.43607894551657
7258,-69.8195765240295
7259,-206.81844422123322
7260,-173.18201965187387
7261,467.12274368467445
7262,212.34857780316588
7263,-632.197708252358
7264,-291.6110725267494
7265,608.3127563110633
7266,170.10735142133746
7267,-16.248412643733683
7268,-324.59910120719445
7269,1191.7100081446838
7270,-1089.1145367965034
7271,401.7049029047986
7272,496.84032092351254
7273,506.7197642647045
7274,-652.0050317683206
7275,-432.0976781739886
7276,1300.273303116705
7277,671.7008555892654
7278,-595.0678090079798
7279,-161.7618021303768
7280,-425.15166671437527
7281,-314.09769616462506
7282,847.8430208697683
7283,564.5880228378625
7284,-169.37764789973323
7285,1003.580853586466
7286,-128.77181808138408
7287,387.38600966090434
7288,-476.3942357519029
7289,-318.9116205372273
7290,-506.8771099041052
7291,212.91706112129788
7292,586.0538881763539
7293,784.6378923710613
7294,-904.2699603947882
7295,-559.8364392290752
7296,-205.43477788592077
7297,-85.5477413275701
7298,311.62825679903807
7299,-292.04040778423695
7300,198.97892089620842
7301,-1044.4112097123602
7302,227.77267459700784
7303,1069.2882264913428
7304,633.0845514702506
7305,-566.7164152393337
7306,-205.1474031778663
7307,425.97114659287115
7308,275.98760596307005
7309,1266.9587217814815
7310,313.02357821043853
7311,345.0665848778842
7312,105.6172687130235
7313,1091.9425779001645
7314,-422.95888136952334
7315,1121.9065685147045
7316,598.7327858572436
7317,922.2335868516891
7318,1189.1127082045996
7319,388.8002167383553
7320,1203.0113720988923
7321,162.90822969004472
7322,-74.40600874828404
7323,111.11119471500449
7324,274.0818859268176
7325,1317.2497366479176
7326,64.6523195561028
7327,596.3334116505356
7328,858.9115347892614
7329,-441.37492794941295
7330,461.15457436276364
7331,-52.25957325952058
7332,-750.6989201894116
7333,-645.353459992994
7334,-979.2450789947077
7335,-925.073924479221
7336,660.5109330853184
7337,391.30022186893336
7338,380.12533961024707
7339,-352.87846501155235
7340,-675.2825602366711
7341,496.89701540280345
7342,615.4521581333373
7343,268.12252551947597
7344,-872.9431657000175
7345,342.4809528311716
7346,-11.298014228429722
7347,214.75864304402057
7348,-502.0136658643472
7349,-367.85908866632144
7350,274.82756493009805
7351,878.5388286270799
7352,200.70196402438347
7353,78.87204314049019
7354,181.26199171050462
7355,147.7900493936982
7356,-653.0585887840917
7357,-1236.0904538305247
7358,-21.289570910100572
7359,520.5534707227986
7360,254.99224945955683
7361,497.79302202512935
7362,-1006.351064902694
7363,-338.2450515255893
7364,1026.0832024493664
7365,-895.4546949273679
7366,-492.965809792087
7367,774.2991537591914
7368,393.3923216754202
7369,-214.585698743936
7370,195.3691564788072
7371,-571.5508445312927
7372,97.50187228308998
7373,-1059.51876861442
7374,-42.067767522651096
7375,105.96434660482008
7376,-953.3908415842667
7377,781.9013399554246
7378,529.0130722542758
7379,530.9734584932515
7380,-808.5991859312632
7381,1230.925745424948
7382,458.08300243653656
7383,-28.9810851021912
7384,228.09118552664364
7385,-544.1523786022234
7386,654.0218102364541
7387,-851.0282168516425
7388,891.8833559512864
7389,-590.7054943795891
7390,578.3036672397703
7391,1170.78862828484
7392,63.81906650675326
7393,1034.9941605270117
7394,-757.7425880657187
7395,-314.08045040206
7396,127.61697976675815
7397,433.0007987497366
7398,44.81735345315555
7399,1467.806986571524
7400,845.0608589055022
7401,574.2418747006735
7402,110.72616652149192
7403,849.7591227263907
7404,403.2576330883515
7405,347.740500007834
7406,670.3702275679897
7407,294.92447777168377
7408,23.5414024921344
7409,-831.1691297352895
7410,451.66478348493837
7411,-75.99300479555696
7412,367.3718982504772
7413,212.67779608038876
7414,-551.1140146153556
7415,849.9635555950266
7416,-220.72836344120986
7417,118.18313865635245
7418,-1199.1771002293704
7419,-35.82933918635387
7420,122.85812641523562
7421,-944.3027395971822
7422,-158.63557890059968
7423,1010.4840495837071
7424,487.07280653145756
7425,113.38967818310557
7426,1199.688129192763
7427,-4.205909219515476
7428,1103.2301493327427
7429,-1103.4329641222762
7430,201.03754909866092
7431,1421.5094567293465
7432,436.96182981585247
7433,989.8792783257063
7434,533.2228454873319
7435,-69.34103401634921
7436,-825.9072582053085
7437,-11.931502137339805
7438,1081.0242378864184
7439,112.7216709766446
7440,-974.6723843942218
7441,46.87915058518861
7442,-183.25575375617677
7443,604.0289073754976
7444,103.15381274116852
7445,-133.76620990749535
7446,675.4012130426797
7447,353.7621497944128
7448,12.098879046965235
7449,192.87899743330235
7450,-928.9430838753851
7451,308.74454104856727
7452,-146.97991892419924
7453,455.64531988855435
7454,940.9805684088926
7455,-142.11304138695476
7456,268.79273128345346
7457,-45.74786048456981
7458,-760.6753503930854
7459,-648.2337697274714
7460,373.150887568987
7461,680.8825640537178
7462,1276.1484694217072
7463,1323.5914345588603
7464,-279.40575826120795
7465,13.2176902159393
7466,907.697890806941
7467,-367.71267705825505
7468,-1102.461781211767
7469,43.643131729435225
7470,-730.8931956789562
7471,899.5635695287106
7472,1180.0821024646223
7473,-994.0677388042013
7474,346.6751955080341
7475,890.8058272529972
7476,122.46805355571395
7477,149.9896288313621
7478,933.1071044144163
7479,299.2389537899337
7480,713.5766093918792
7481,-897.3391257605751
7482,896.3841969542507
7483,-641.0463500416469
7484,731.8396048539524
7485,262.571413001622
7486,545.3367874282628
7487,-62.48420846590277
7488,50.21066476466916
7489,423.33562824607424
7490,864.7978566284504
7491,499.51930024688767
7492,-547.632351222067
7493,248.40470810258824
7494,-52.55188059059235
7495,196.1219741428286
7496,-723.8935734991702
7497,598.001580385467
7498,228.29150457763978
7499,-444.41954193622854
7500,348.27587122852225
7501,205.50790836814838
7502,-951.1955622937763
7503,226.05540858057986
7504,-175.37550928724391
7505,853.9213265406535
7506,-414.8196799307955
7507,-9.400044378265243
7508,368.11214373503356
7509,-384.09300684843566
7510,-649.8707552531291
7511,370.69484090892246
7512,294.1054920719192
7513,-914.2676083930456
7514,-185.17044706904989
7515,174.8466615618886
7516,-67.10897802258776
7517,857.860633006356
7518,-305.3315830245344
7519,-505.2240621440113
7520,-1110.706707026668
7521,-247.5190356146183
7522,-92.38224491357299
7523,477.1941581358643
7524,-1074.8651578606846
7525,557.7155071952295
7526,79.6029463887718
7527,419.24196223832
7528,84.07404860339916
7529,16.553767361284553
7530,825.2533868010161
7531,-383.4621588000426
7532,-506.22487365094236
7533,123.3423853136224
7534,1390.6815185845678
7535,656.2775411677987
7536,768.4375075963918
7537,-480.62441484934476
7538,1066.1507268327775
7539,-2.2831915578978688
7540,-501.75696176006585
7541,901.3527686166864
7542,-32.46998556734895
7543,-90.33121464860909
7544,1155.9609403452928
7545,919.178920856627
7546,-387.11172318995455
7547,166.18619810014627
7548,962.6365822202472
7549,1503.9623949872375
7550,-1389.5774576118965
7551,-8.851744854772008
7552,-154.9967445564351
7553,753.7574754318581
7554,528.157232208655
7555,338.8425548224265
7556,971.4377197365685
7557,-699.6177614397608
7558,-218.81629105501128
7559,-1046.0212262560874
7560,-452.0871202288242
7561,-864.5191914914514
7562,-947.4484025671314
7563,-250.7463908105865
7564,980.270030205187
7565,-17.836537285825997
7566,-384.6432436696478
7567,-274.9309238077126
7568,-881.2727191398045
7569,675.7149182733561
7570,-41.20617336423656
7571,533.0361077789936
7572,-57.84742083048416
7573,137.90690522914798
7574,-729.9245178822677
7575,775.951931094623
7576,303.82862990140706
7577,155.28242404564935
7578,631.6012558639571
7579,-544.0823894018457
7580,-56.823927007885786
7581,-664.0694438324978
7582,-383.17543080191416
7583,94.37146529378215
7584,778.9958866744785
7585,-510.90281008740664
7586,-737.8880447997568
7587,278.01069334382504
7588,538.4739066845497
7589,1136.173598242496
7590,74.48470351418051
7591,824.006962047875
7592,139.85253522322097
7593,58.18126989579468
7594,210.68920108980325
7595,1166.9854527471723
7596,45.067496752897675
7597,252.47457067868373
7598,853.0128491402346
7599,429.261435282904
7600,985.5971103783977
7601,-155.2329693002905
7602,921.4233164845991
7603,1058.8639548901376
7604,-459.0301018543734
7605,796.5109941341244
7606,225.85158975644367
7607,-345.22205392033976
7608,169.90057240201384
7609,-538.2312278598904
7610,-207.28553490079747
7611,1259.403616115814
7612,650.510126181707
7613,316.7438296176758
7614,570.0352873127777
7615,-592.7976710799436
7616,306.58654474966175
7617,121.37629969681119
7618,192.57133774154448
7619,-107.46331222699045
7620,-606.1678732627905
7621,-178.1147880777636
7622,-676.3916781156738
7623,508.59342778672186
7624,-16.303302349334796
7625,-454.0240484154326
7626,-325.65848414063316
7627,-127.43416379093308
7628,801.1941896769342
7629,503.9442995363345
7630,-9.666753079185858
7631,542.129462748252
7632,528.5703271293695
7633,376.2739672746873
7634,-401.73834259453304
7635,-209.83716026593612
7636,172.83442960322765
7637,284.3787705963346
7638,1169.627901179727
7639,414.7524888368425
7640,-373.24171695976463
7641,314.177051844361
7642,307.67937571422937
7643,-158.98300331904983
7644,1056.9984127793568
7645,-594.2590804816447
7646,567.9848556096523
7647,-641.6193701587237
7648,-111.81709764429148
7649,250.82359123086167
7650,531.585592419162
7651,932.3425619631761
7652,231.26967474876056
7653,-96.1718234424092
7654,-502.5104324753867
7655,223.96435810033404
7656,130.93552897233099
7657,-52.1669666083031
7658,-591.7975661464503
7659,32.700883179954815
7660,-95.75131292168105
7661,-639.962102267079
7662,-641.043915389522
7663,992.3675964367742
7664,120.9493032694966
7665,444.70889302495465
7666,396.50332465026867
7667,-588.8916364112537
7668,-197.51370200399543
7669,167.3239387838878
7670,-121.76143677789014
7671,-660.2275983283282
7672,-148.65655223602454
7673,1496.54499195065
7674,-583.3511094815043
7675,365.7885220811523
7676,978.5701948562124
7677,417.5987000596705
7678,-639.5771384376737
7679,30.598832654015084
7680,-322.9445492209416
7681,1236.0803029345986
7682,-103.8166039275828
7683,-81.55135728927014
7684,876.0495117759383
7685,1090.6165480104285
7686,-124.64361818745017
7687,147.13412333255621
7688,-342.6329652134456
7689,634.0670630994781
7690,746.9828731456467
7691,143.66890122571073
7692,325.81448164642603
7693,-1198.8286834735825
7694,-143.8143078388294
7695,-386.22538021956046
7696,-226.90188319950926
7697,620.4523651644274
7698,648.8574552516855
7699,479.40048851317573
7700,230.14614084704363
7701,936.6221997340533
7702,-363.04729051005313
7703,1307.2807442609721
7704,-981.1873389348804
7705,-92.48881435997417
7706,-589.2869468551282
7707,-485.82382596591714
7708,-192.19972108635477
7709,-501.88719541752226
7710,911.1433462707568
7711,753.867926033069
7712,-259.7956475395002
7713,-992.0776469709232
7714,429.1482006748317
7715,182.40314854845138
7716,13.852613095896544
7717,-452.30396529557794
7718,708.3517918156517
7719,1135.664861243513
7720,-90.40358082857405
7721,212.44817341581853
7722,533.6115313245588
7723,721.0855087406612
7724,-1494.9793346670635
7725,-55.831786614925434
7726,-535.9456283036782
7727,-389.8700851452081
7728,709.1776463875843
7729,275.0222109871781
7730,-268.3616946986435
7731,848.2570307542695
7732,756.2301059508983
7733,29.645284948235112
7734,-841.4345009495468
7735,92.90274164706038
7736,920.4022775944567
7737,295.4898709278632
7738,-112.73157311827424
7739,-286.37914223764705
7740,-150.3437018503427
7741,214.10641427823805
7742,-567.9686111854813
7743,-418.938228885483
7744,1049.9356986635914
7745,-120.72966144943327
7746,-422.6303642420059
7747,-340.24193015291695
7748,10.047176333472848
7749,594.9210496752456
7750,1085.4151119593755
7751,196.6034758460455
7752,295.6520176774705
7753,-560.234960882777
7754,-219.01687456320394
7755,-480.5254213094802
7756,829.2743363730752
7757,915.2532601664732
7758,292.04439506667865
7759,1060.8563970975165
7760,1523.061992543382
7761,-442.668814695984
7762,317.50829823001084
7763,-1083.8220013024627
7764,-968.3485816663637
7765,-21.209574368283555
7766,-178.73880851273833
7767,729.239779823183
7768,800.0889859821261
7769,34.526824916738775
7770,-903.3195816023011
7771,-1.7654311979277857
7772,412.61031871986074
7773,-99.91625392647266
7774,310.5930840319103
7775,-226.43540721423471
7776,-551.5811302082478
7777,255.9908523926593
7778,521.4648709729587
7779,68.7656234642143
7780,-0.19683363845141244
7781,4.97181466657886
7782,314.3768004215445
7783,940.4836563784958
7784,-485.0356677171963
7785,-268.0257617690243
7786,256.60626552693157
7787,779.3060282225658
7788,559.6034355933149
7789,341.0552618574757
7790,726.3365488461039
7791,-107.86799416613114
7792,-743.5618573360499
7793,67.21879453428402
7794,-42.15574484854632
7795,-527.1924232404175
7796,-566.4104141098344
7797,1543.0190738135962
7798,-991.1859139568636
7799,399.9513377729483
7800,261.6568632145229
7801,-515.2785098898052
7802,315.62180905525526
7803,285.51634978934277
7804,291.1358792173349
7805,684.659496067674
7806,1504.4328839625646
7807,-190.56145270271162
7808,20.057913198861613
7809,1399.9467930617873
7810,-439.33814326811586
7811,903.3992209997008
7812,823.7092110115383
7813,268.4077303810251
7814,713.4614778001833
7815,691.2071362556507
7816,783.2670002802555
7817,977.8234327209956
7818,-623.3330744461108
7819,1246.5344839496006
7820,38.327381036505486
7821,-402.0503963547433
7822,232.88562392002927
7823,-122.66973465192109
7824,482.88176387610787
7825,1.7628637572775983
7826,556.9140975200078
7827,594.0539142353219
7828,-50.561628464418156
7829,677.097351089639
7830,888.7282187132045
7831,409.04758942040525
7832,-493.5175252936565
7833,-38.30711984215607
7834,572.4289934036224
7835,-941.4183967468881
7836,739.1783137849226
7837,302.5721989680421
7838,742.8738960434017
7839,-336.92782759107854
7840,-233.49704856716994
7841,-328.40515176617527
7842,673.8614346809774
7843,-421.3331525579417
7844,-207.29006494092198
7845,406.6430008404241
7846,545.579998348083
7847,643.7217758378007
7848,1153.9974145306908
7849,-126.28218139618232
7850,406.3854898058126
7851,102.69434258653811
7852,-133.63385321640652
7853,-825.9767442211745
7854,-662.1754634866837
7855,245.9548700211045
7856,-614.5618806696411
7857,67.8552401564383
7858,639.3427547199004
7859,238.575511218063
7860,-632.8980212471805
7861,-395.82224718171346
7862,3.2274802829313813
7863,429.74683702268453
7864,147.52497968645957
7865,528.7421872238062
7866,-141.58246597461704
7867,-318.42854368865375
7868,1057.202589841874
7869,2.250908062494247
7870,-1107.7858227258146
7871,-306.95689961165533
7872,-661.05767168367
7873,-561.1212721867946
7874,812.7633733734726
7875,901.9890857862382
7876,-590.0145558320993
7877,925.8034803341739
7878,-848.7537491567731
7879,569.7829222060906
7880,133.94655716130836
7881,120.39940530205864
7882,-217.8962670104287
7883,-429.73080960916747
7884,1033.35806155415
7885,-331.7173411528791
7886,412.60588826105703
7887,-392.40374024598
7888,975.4166804502955
7889,-702.4486581266034
7890,441.4357075360142
7891,550.1249213420418
7892,138.15783455507034
7893,360.20781507496395
7894,-181.9994058475272
7895,630.2334182817632
7896,209.45341285420153
7897,-878.0666007798717
7898,547.3327190774953
7899,-723.6631587189046
7900,575.6810862210668
7901,997.9833259473352
7902,978.5012296971535
7903,331.5649017094172
7904,531.1009142861516
7905,906.4108369816875
7906,436.24942856492896
7907,951.0217879065307
7908,-556.6129624500755
7909,140.8499042151103
7910,515.0778238545731
7911,340.6278818942546
7912,426.0572264280741
7913,876.7844480173491
7914,-448.4718426763714
7915,-1036.5026994929167
7916,-103.01774617412663
7917,318.43468405794255
7918,-619.0376850140357
7919,-952.8056457939676
7920,-1008.0043951845804
7921,708.1799557306774
7922,-251.94043227274312
7923,1188.9075442797032
7924,-585.2956903458326
7925,2.9791511027479736
7926,338.00291079665163
7927,-143.8957361622957
7928,724.3613587023797
7929,1243.714997994798
7930,453.83525091789227
7931,605.6314057511948
7932,-186.88033225701167
7933,-127.58997529927305
7934,-548.4210356852794
7935,689.896203778421
7936,-274.24273869680434
7937,500.1630367174045
7938,-408.41270658956984
7939,1099.0134253243723
7940,-785.875353221441
7941,1379.1081371508158
7942,-239.07343018835917
7943,179.1087970529058
7944,-744.5312842564581
7945,138.75066287005262
7946,539.1846528934872
7947,30.596749944529975
7948,192.62029099366282
7949,461.7645421703368
7950,-262.61563604886226
7951,373.9909797710427
7952,-256.609228743475
7953,671.0427621436872
7954,-274.3019301472389
7955,1059.2316389349046
7956,112.73234974299952
7957,-778.5116807606436
7958,-30.910071249391294
7959,17.349214530198104
7960,-935.8103352807983
7961,22.267645235759502
7962,541.7990680991655
7963,290.49390572846283
7964,266.9123595371608
7965,352.41109259636215
7966,-458.8999893335898
7967,-398.35755315833836
7968,400.5721490633857
7969,-212.75408373423335
7970,-297.86730990000655
7971,-905.0421641581842
7972,-385.42077265646697
7973,328.0291568631286
7974,-0.3628886577821646
7975,-77.14387089502279
7976,1395.7554512522954
7977,-63.086199848055955
7978,237.16597596594056
7979,200.1642179315773
7980,132.79219690017237
7981,219.3654517795042
7982,896.9072755431467
7983,745.9844127868322
7984,381.89445605794646
7985,-84.51112116769879
7986,-277.21015116475945
7987,734.4020723788346
7988,-615.6934631545828
7989,-101.83410271429999
7990,533.1833835043313
7991,-758.8723558415641
7992,253.77488136033134
7993,-208.39700012436043
7994,1484.5962610607594
7995,-56.16758697616922
7996,350.352802435363
7997,-597.0208090367299
7998,-43.49322006346111
7999,595.4430643569344
8000,213.99300215833728
8001,711.5060071605337
8002,-159.16542012459615
8003,-654.2704764176026
8004,-653.7169211528173
8005,1216.8451100772459
8006,-312.44464349090043
8007,361.3161004505232
8008,-460.2494690444055
8009,-339.822210294801
8010,-137.21402607381947
8011,-1187.373510142827
8012,263.7468543813089
8013,601.7500797862823
8014,-452.1798077717146
8015,598.6963942461764
8016,-601.6050349331266
8017,190.2632505023679
8018,-121.22355490545146
8019,-778.7268852402007
8020,-339.56867714489675
8021,668.4363589210276
8022,47.65824331262819
8023,294.37217024628427
8024,-364.7803495811742
8025,-1073.8344373709872
8026,-68.10781943777855
8027,-1353.9305736585818
8028,163.41996640902636
8029,-232.0183788699349
8030,-452.6863133851163
8031,425.6206198108166
8032,-276.02304035309453
8033,110.01037254971028
8034,197.47630966602168
8035,302.11878404407406
8036,86.89566969158598
8037,357.50262725328844
8038,-351.80102056668187
8039,-254.90902118249483
8040,-962.2412685683424
8041,-380.09658430790694
8042,-269.22023699845386
8043,-375.59098635280145
8044,691.6488988180282
8045,489.6132090521143
8046,-99.60133171408707
8047,-707.4015176300852
8048,132.46777860429864
8049,428.16354162467815
8050,262.5445518213912
8051,-437.54667290294117
8052,304.3694227432785
8053,683.9362640781748
8054,197.5891813095804
8055,182.56526812105795
8056,-538.4171784048488
8057,-54.48185824026849
8058,231.3283737572537
8059,463.3440942587847
8060,797.8527605137492
8061,-86.82745712200341
8062,208.92959652070886
8063,220.56370980649984
8064,-1015.5386536327284
8065,-767.5233389630201
8066,-245.4070102320702
8067,985.2788800747808
8068,849.409655963465
8069,-545.6071925494693
8070,422.17751251217265
8071,678.6296324239455
8072,592.090975714754
8073,-279.18387876078344
8074,-221.40450001347335
8075,107.51927815732266
8076,-155.11649538621896
8077,-78.42402939505781
8078,282.6144186909064
8079,233.06013193668537
8080,490.959248568275
8081,717.4786456448081
8082,-197.12381176118447
8083,-944.4659758395319
8084,127.72221472893865
8085,500.3191935773713
8086,-609.4739075784953
8087,-774.2620283118491
8088,288.2993702383074
8089,362.53042003886515
8090,-210.4701454777816
8091,423.24206313398963
8092,773.0143800879048
8093,916.0078707634538
8094,-522.6469298980275
8095,343.34991352808964
8096,1060.473777114672
8097,583.1586396200211
8098,281.02134585960727
8099,-947.3047450819769
8100,-627.7261830501294
8101,440.4081241400479
8102,1116.9300352291243
8103,-12.949191045196244
8104,1601.1575531481267
8105,-991.7381562918034
8106,94.43955669188138
8107,-268.3138889937116
8108,294.3457881179307
8109,-414.182109383054
8110,570.3569618479731
8111,1043.0296267971607
8112,1237.8280161173316
8113,-917.6413319776922
8114,-197.41379272972267
8115,-10.036398943661965
8116,191.6446006357756
8117,186.8487360610422
8118,-981.8805349066255
8119,213.05909809916886
8120,-66.90842545572634
8121,405.49730655405136
8122,1032.674294455888
8123,-775.8192832481523
8124,-399.58056737499203
8125,-323.0411837025639
8126,132.3720616573607
8127,-154.65336613021407
8128,934.8191547633863
8129,304.2235075124559
8130,1332.7873582208197
8131,543.1330796124007
8132,627.6200189779939
8133,14.160082709504906
8134,-263.29755584830696
8135,537.4008154608057
8136,815.5065558699582
8137,-1088.4417364606009
8138,-909.9316139255918
8139,-389.70030039487307
8140,-956.1151444935891
8141,233.73397707009912
8142,1301.257516034924
8143,-441.4216689918532
8144,866.3713727707902
8145,832.2791480502161
8146,303.7652744970847
8147,133.27784103020167
8148,-37.486405264607015
8149,616.968844554765
8150,-1390.5854486427404
8151,257.90586120374553
8152,-64.43721253621878
8153,281.74226894156976
8154,386.4241203543165
8155,-149.37442473265486
8156,180.32983144145072
8157,548.6379304989463
8158,-110.90080571745247
8159,-236.45262669120967
8160,-246.11821454266146
8161,1306.6050171245877
8162,-93.59127275763616
8163,992.3845225858169
8164,-423.49534016487047
8165,237.05038206731035
8166,922.5283321554859
8167,217.54820105856373
8168,-141.34238319363806
8169,105.36064255376041
8170,-451.6899498203215
8171,382.18426704942823
8172,275.47007114346115
8173,-5.320020877518649
8174,64.20319847321024
8175,783.429032288846
8176,-488.7976931799383
8177,-173.0086056555466
8178,-807.4763420526358
8179,-790.3503234769967
8180,-1198.2712413832724
8181,-604.9007746958677
8182,761.6579190177266
8183,-735.6338305290269
8184,-923.9308548793686
8185,-429.1805454002118
8186,-358.41109590581493
8187,225.56623291165522
8188,-1.058573279949535
8189,-562.3777918922304
8190,10.121258810901168
8191,-417.1094155336319
8192,-439.93087193342774
8193,82.83814304084328
8194,770.0213779712155
8195,-708.7984827862181
8196,448.85422665067136
8197,-654.3967148854247
8198,99.01552618984057
8199,97.25933006348517
8200,37.11746667811184
8201,164.11022984760814
8202,-554.3126265242701
8203,64.20371438620134
8204,-996.9704706997697
8205,1017.4177753265296
8206,-1434.1209821520765
8207,-141.15965844231533
8208,340.4948400379359
8209,-164.7044441564591
8210,655.8983806801876
8211,327.7440821719861
8212,113.82056270740597
8213,-19.36429845411256
8214,978.5438237350518
8215,-154.88298130651629
8216,210.9213782173196
8217,-728.0182235837647
8218,-645.2650798208481
8219,-606.9450426062762
8220,460.39794072725846
8221,486.83758418939306
8222,-838.5713389754771
8223,127.40865849473805
8224,199.75588694095592
8225,617.504917274157
8226,-431.14142362094765
8227,-284.9628498743203
8228,11.391725257648872
8229,-429.9586741678795
8230,701.1802174290312
8231,676.1822905254123
8232,-594.2445242385435
8233,54.87646372658999
8234,73.94788954267928
8235,-30.088513040564052
8236,-1672.0341271446189
8237,127.73356963563948
8238,675.4026754332194
8239,-170.60143641411304
8240,-24.5128645955842
8241,224.24837922404868
8242,641.0265450830085
8243,-171.30279987735236
8244,-266.40733490179014
8245,-721.9495119247669
8246,368.31521564207895
8247,-684.3781996114313
8248,353.62407447369634
8249,275.60487939779847
8250,414.9787773310427
8251,132.9436484454577
8252,419.62757252385
8253,753.3830093571286
8254,-143.71799094865383
8255,-133.2830462481898
8256,-1064.1885105926222
8257,36.35374100088832
8258,-421.99794623229053
8259,482.91448098831034
8260,228.5802116805554
8261,-617.2891199092709
8262,690.2923924587483
8263,-682.9097128059637
8264,346.8289208383533
8265,1451.9448559635707
8266,-863.1677607729428
8267,-449.52188997360156
8268,10.560843851670526
8269,84.7113915773743
8270,679.345754938119
8271,97.93954810497446
8272,986.3414845841158
8273,-143.6163988222404
8274,-849.0755002290178
8275,-158.9000378931412
8276,75.66002272140152
8277,269.9174083263733
8278,-372.71663154252724
8279,776.2597195515442
8280,-74.95288540607973
8281,1057.431734941447
8282,10.047813995427333
8283,-191.75080487235863
8284,241.37867312885732
8285,-175.89263310328732
8286,574.6824702319453
8287,44.23493082423322
8288,726.3615860454701
8289,1408.842076647924
8290,959.1300935709313
8291,-8.151210752730062
8292,499.88784485339283
8293,-32.656956748422445
8294,527.6656500940579
8295,636.848769255274
8296,1641.923380320331
8297,545.82671030016
8298,1193.8890385915513
8299,981.7293698700972
8300,-718.9355177420725
8301,206.15179055274308
8302,-408.94284060576985
8303,-953.3286440879842
8304,-106.75248587247147
8305,905.898235063408
8306,374.8537780877725
8307,-246.25130817094612
8308,-406.7305229533082
8309,513.3804762957953
8310,-47.76857046636265
8311,888.2094160520945
8312,-425.91579167553266
8313,429.4121074424293
8314,217.66997307333372
8315,-287.39111945294474
8316,57.756870488975174
8317,-304.73842307056503
8318,281.50950740362686
8319,-591.3819001051236
8320,414.727665328726
8321,33.89521649274783
8322,206.12184160050174
8323,-685.0067198271942
8324,843.7009975722381
8325,316.54782989589137
8326,-191.0281974914543
8327,655.424736258281
8328,491.0175269513244
8329,353.5670225247618
8330,-91.59611438925761
8331,607.5773056996078
8332,-286.52409525791063
8333,152.2324920974304
8334,-202.4567376651483
8335,190.77714938652002
8336,-737.5176001991373
8337,-14.948210782866328
8338,-970.0022318603358
8339,-542.648290437664
8340,184.61449254076615
8341,584.9428674928743
8342,-913.0159747369818
8343,-1378.2594338461815
8344,-12.711455759302844
8345,-1141.3486852981575
8346,-215.87090743588033
8347,-220.65159937441263
8348,225.19508729395199
8349,338.2421648455836
8350,553.8974636733992
8351,392.36769936201796
8352,-146.61003690231615
8353,-236.8444127488309
8354,396.2848468098545
8355,-930.1759983407113
8356,958.8044309406333
8357,-604.2598681144452
8358,-501.09416393672325
8359,139.96858619985244
8360,-54.42668897945951
8361,595.4847267069592
8362,-578.4319488808983
8363,192.9339485147102
8364,666.5610004673106
8365,-788.6619881632294
8366,653.7681691801279
8367,-71.40846654183733
8368,219.09255635021748
8369,-528.9234289416258
8370,415.1231253831633
8371,98.63175660293253
8372,178.2052378912473
8373,-214.20181781094232
8374,-830.0862691569495
8375,-176.40159503963508
8376,1405.6528246557357
8377,794.0460660282465
8378,532.1126650976244
8379,154.7871311279838
8380,-1090.955658476172
8381,-12.76506001207268
8382,-126.39460847979376
8383,590.1155432583336
8384,-406.4689288771148
8385,258.2288889655797
8386,149.35429692261664
8387,1052.542142097703
8388,95.443301510299
8389,-597.8115256135544
8390,-447.36014060929006
8391,-287.12472832122006
8392,-184.4619110254494
8393,301.9209389895883
8394,-1363.676555619896
8395,1191.4776236460125
8396,-680.3813415697692
8397,1204.2343133698246
8398,240.86687940004032
8399,-370.01869058730796
8400,-80.10514379826863
8401,-989.0010186333545
8402,-621.1577984007158
8403,72.369880869775
8404,1048.3477022513764
8405,925.5598326801369
8406,-134.71655054420017
8407,-631.3566719262458
8408,448.0863497447817
8409,1025.8023348244915
8410,-621.4762997036617
8411,-5.812979115255487
8412,617.9527881968522
8413,-458.29659294471134
8414,234.75872995910527
8415,206.06338934001877
8416,-149.03752145963006
8417,-90.97992794927355
8418,231.41742552119996
8419,-449.89690161615766
8420,-176.20639303290608
8421,206.75052048123024
8422,486.6811758362541
8423,-236.97893783661038
8424,1000.3040855969432
8425,131.13044814144405
8426,43.59777819052906
8427,-1005.6769653642426
8428,741.8450048648195
8429,1296.689294106058
8430,-131.71048974874697
8431,224.346945232905
8432,-112.44738843085715
8433,-525.4098864488311
8434,933.1884133153012
8435,-426.8713197648711
8436,320.23119197293835
8437,-124.45495075845916
8438,404.8276792946726
8439,-814.4018887514072
8440,1164.4445824089935
8441,28.06069716602466
8442,167.25971988850824
8443,-22.161063920945445
8444,479.1735099616192
8445,38.39800482580445
8446,94.89175736681152
8447,508.855451993737
8448,-862.7989072195435
8449,1031.0557024487582
8450,347.81357749681797
8451,296.26664885690997
8452,-378.9060878472495
8453,1576.3379011155264
8454,67.30710864695588
8455,1290.6451860217724
8456,-526.050107534301
8457,-184.45389459063193
8458,-420.7255383738898
8459,113.02055105856725
8460,354.87813245455004
8461,106.3868355103266
8462,-218.46560978178297
8463,670.6901519930948
8464,-35.41745603682811
8465,-115.64969738664142
8466,194.8255656062372
8467,-314.3017975968614
8468,17.871129578054465
8469,533.3081436838632
8470,-464.1698168702734
8471,-47.24526512261857
8472,604.6029547981688
8473,248.95275523477136
8474,75.88171699259856
8475,49.213773461219205
8476,859.8719263611916
8477,66.69761816816772
8478,-399.21832254724455
8479,-71.43588608857613
8480,-733.8331546154164
8481,1424.5156757106104
8482,-323.52126408707454
8483,-84.05952542182523
8484,-740.4611593944235
8485,111.9932824838204
8486,-639.8386796595667
8487,334.648579442803
8488,945.3728964992529
8489,456.148720068331
8490,235.40074403354652
8491,455.28563234468
8492,414.0859209780293
8493,471.8805830528499
8494,-73.4026409215592
8495,-73.42714315515236
8496,489.0758691933781
8497,-12.776673184627505
8498,754.9047489338008
8499,-452.8960988637766
8500,-813.963213217477
8501,343.190639092769
8502,-666.5219902739483
8503,140.43592840120584
8504,822.4696181783628
8505,812.0057544852234
8506,469.7645491257637
8507,-558.2305288323058
8508,-513.099896650995
8509,-212.37923361205253
8510,616.2832608541245
8511,72.08845550577033
8512,588.7729407904642
8513,817.6333623067196
8514,-274.0035884254929
8515,407.58329969516916
8516,-79.89838231747692
8517,275.4717000096526
8518,397.9312690598083
8519,-80.10563431983111
8520,-188.42270289726537
8521,219.48817376119217
8522,429.99582056320315
8523,-94.57087861347152
8524,-509.51466101316083
8525,163.91134560325315
8526,-465.7733069763594
8527,-10.073801739531788
8528,-226.67168421643612
8529,-227.16983225411468
8530,-92.27315954133007
8531,173.7628184022226
8532,419.09285874808455
8533,-64.74499261924134
8534,-81.54030370586285
8535,933.9509183995867
8536,977.5688156552317
8537,460.59112527199204
8538,-360.01001704386846
8539,63.919686263438805
8540,-31.132813034764737
8541,410.87247032819727
8542,638.5037965998969
8543,824.3014642059611
8544,1175.758790676729
8545,-24.39726388654886
8546,1556.0546790924207
8547,699.2602678884955
8548,381.49701842112063
8549,125.59989248566839
8550,123.56885709542688
8551,367.32511410254665
8552,-394.5808232667489
8553,92.16648909198072
8554,-138.2634576956105
8555,-682.3140639494998
8556,-476.09880605760526
8557,295.6272740276389
8558,817.3041941911182
8559,325.61267069106395
8560,1180.3745660204306
8561,1266.6146153551153
8562,614.7340474326292
8563,1212.4289392892224
8564,-201.87535213737533
8565,-955.3643567152263
8566,-270.18766333873384
8567,66.99630483116198
8568,43.234003350219396
8569,552.9648616611734
8570,-136.60405818864461
8571,-488.050952911793
8572,-549.3077129693462
8573,820.7038856897567
8574,-749.0752447691314
8575,-265.65788802337255
8576,-705.5932606034804
8577,-1203.8262350707394
8578,-448.6730384688828
8579,-210.04383963375824
8580,138.502738784065
8581,1438.9206945871504
8582,442.2802080648129
8583,694.318533594743
8584,-296.7805205741691
8585,131.96533517622237
8586,-766.5681322550222
8587,103.79393919843402
8588,344.864273310568
8589,-650.0024037296554
8590,-172.72434506323293
8591,-553.3998338513455
8592,703.0429587099086
8593,35.59607457115624
8594,-663.2392314468
8595,437.8775779477827
8596,52.28980669714029
8597,1185.279136666065
8598,454.0056419493889
8599,-979.1663834569082
8600,370.09914582411153
8601,551.8319132776501
8602,-126.4071960500341
8603,1343.073955430795
8604,26.141157673038983
8605,191.88147087490017
8606,-116.77525905293066
8607,-510.37229134369034
8608,-569.241434840514
8609,420.9855002116058
8610,-598.3173188230573
8611,648.4994500958801
8612,349.35813406334665
8613,94.54477092045245
8614,-330.37133483619186
8615,323.75178318334605
8616,-559.0489458828255
8617,325.4993376513173
8618,-368.34759970815213
8619,-502.4276040716093
8620,-136.1095732266623
8621,-74.42429825205093
8622,338.2878449020448
8623,-681.1012585034495
8624,-92.15289433037103
8625,-387.5757939149678
8626,-316.76483704824096
8627,845.5041473387458
8628,167.9148849360693
8629,934.2364464611077
8630,-196.992487556438
8631,-429.89980531864626
8632,-820.0215821160614
8633,770.1990579107861
8634,1061.6887661436713
8635,486.3767104609872
8636,-632.2514585002543
8637,617.3431200256608
8638,-315.08521653518534
8639,-437.30561167415317
8640,-687.2208048638914
8641,513.3073623650429
8642,135.15151748379878
8643,122.91751472494782
8644,-523.39258752835
8645,201.2737933960342
8646,-365.23191797306947
8647,670.6792109917334
8648,71.64143447339252
8649,-1024.019786450399
8650,271.39697931931556
8651,195.0971000904405
8652,-1072.1014887081267
8653,646.4717642716313
8654,967.9201675349419
8655,-102.06027229248166
8656,1062.3951566657813
8657,-15.48614130281868
8658,314.90745968016097
8659,-47.51444157739688
8660,470.3939073852333
8661,410.2049013286567
8662,-602.5869482706235
8663,-42.96990035358529
8664,391.04034540994013
8665,-644.0314650061431
8666,-65.12602258477928
8667,508.09483181409206
8668,285.0639689108436
8669,33.46176195947391
8670,-302.9656926419813
8671,-577.394158329599
8672,539.7315083635607
8673,-24.928814875556753
8674,466.89453621949934
8675,-659.8782615387854
8676,12.061205528194975
8677,855.9031233243795
8678,341.7967758873269
8679,-136.20461316507186
8680,-393.9145241180243
8681,-341.1577608698506
8682,-166.4749681187801
8683,653.4414006576545
8684,-84.72600961016538
8685,472.3148429433481
8686,651.4517443398013
8687,-118.58227037567248
8688,155.02300577197758
8689,624.836441850333
8690,581.0992154778988
8691,815.3644864404118
8692,201.16059817392107
8693,160.03091898755872
8694,293.39550308149234
8695,-341.5318314496129
8696,132.30784283632443
8697,-67.17961324630004
8698,-285.27301754131713
8699,311.9574517719492
8700,-775.0183979638476
8701,473.86994158540017
8702,164.644601387332
8703,80.6573120201549
8704,702.7465009681237
8705,201.6375185969486
8706,-265.85651995723003
8707,-115.05392818180134
8708,-69.3400558257494
8709,996.1359049541576
8710,-201.34145081756708
8711,1168.05697204345
8712,-397.94703583854516
8713,-93.3343935129944
8714,483.69631523318316
8715,-172.68846225053005
8716,-375.4665190814083
8717,-619.2710484390927
8718,500.874160871798
8719,-58.68476653981932
8720,929.567855644134
8721,796.0826620031646
8722,-706.5069801898159
8723,450.2252052086535
8724,8.415431505824571
8725,-285.3030147752186
8726,-504.9275514077431
8727,510.7334956705175
8728,-452.58068494332616
8729,-683.5842236353437
8730,-121.42837435500961
8731,863.2347961924114
8732,37.323976266189064
8733,8.233224402110213
8734,-126.71916765401473
8735,-551.2731020264724
8736,196.72534048943209
8737,1352.2761334952913
8738,469.22573788578745
8739,811.3651206951483
8740,-1231.289786329524
8741,606.6752574114255
8742,254.2576983002466
8743,186.89554045662726
8744,-671.99202177172
8745,-401.6839759885166
8746,-14.369102120570304
8747,-983.1171716461353
8748,-249.77917202671614
8749,-419.7798898985107
8750,-481.6095949104408
8751,-278.8177772078491
8752,-199.98678588157992
8753,417.36850568534715
8754,-392.67507542184677
8755,336.46303182294884
8756,854.1602479755913
8757,-561.3743029056278
8758,-514.6614808373629
8759,-70.05599895527847
8760,213.58061284917466
8761,165.71893572444185
8762,312.51848624473973
8763,687.9554431710033
8764,756.2621033159127
8765,520.8624301355027
8766,-673.1584910056181
8767,406.59817084968455
8768,83.79781091525827
8769,603.1749705750672
8770,-400.1420250257138
8771,1186.0665756418266
8772,407.42212566210156
8773,-76.13992295104435
8774,-43.45131693478341
8775,-1108.1433694345526
8776,-609.9519563624514
8777,18.92716301521682
8778,-298.6827894397075
8779,-171.77238398200626
8780,-51.54004868576327
8781,-487.70941171009406
8782,-253.48304200699704
8783,585.5262790626228
8784,398.25011960881267
8785,-545.6085924985097
8786,-290.64032956830187
8787,-308.26926525014795
8788,-17.626815778278186
8789,517.849624288094
8790,-262.70680616199087
8791,-417.7872221417485
8792,-380.766872799199
8793,-385.62267665493164
8794,-598.6203272652931
8795,233.03034156104223
8796,344.3240114532865
8797,188.67130838631
8798,244.09766505459913
8799,17.98778628584138
8800,640.3000177739378
8801,-779.0752912746191
8802,716.2660668490643
8803,-505.80158172290425
8804,197.88532533399444
8805,147.7577077313851
8806,-151.7943054580453
8807,1467.8492297951977
8808,92.81623340950217
8809,277.5326003181536
8810,805.1540664541739
8811,447.85834361854614
8812,-275.33046049280784
8813,-788.720157993627
8814,-504.3732390618971
8815,566.216712569759
8816,-762.4454079970875
8817,228.56538629877076
8818,-154.26367539947984
8819,-487.799406010963
8820,1111.9344822437788
8821,286.05570202828625
8822,3.223919623090772
8823,19.238209379143015
8824,304.56875087541226
8825,755.4315430998905
8826,-1383.8792459900474
8827,-299.7970416574705
8828,-1116.066978572307
8829,307.4837066283127
8830,351.3071398047452
8831,240.93418850060658
8832,277.0920260596184
8833,-359.65892460929734
8834,383.0142599777027
8835,772.6694928140367
8836,1160.0103874898336
8837,-87.39140173979682
8838,-144.8154610667466
8839,1062.3213219592426
8840,-401.61043613741134
8841,517.6928836839888
8842,-170.42655617234703
8843,-673.8286807355463
8844,532.850311361355
8845,548.1321989633688
8846,59.52715572941304
8847,-149.9218111809313
8848,-1112.698060459334
8849,342.7151362417219
8850,360.4027618462879
8851,161.8118896223741
8852,484.9141879761973
8853,-963.4005860840418
8854,-860.159849742971
8855,-1002.072391487843
8856,-474.4338275754511
8857,-610.6835887218409
8858,89.9536172169744
8859,-136.37461119130046
8860,-135.26913639179747
8861,-396.3544687987289
8862,118.5102900923512
8863,542.2102868150463
8864,49.693503940927485
8865,-92.60465348181994
8866,906.0264058792023
8867,-163.3216790833992
8868,-596.7103728018415
8869,1136.0593910465734
8870,311.3532020705731
8871,-1051.7996665867684
8872,345.698546596981
8873,112.29369027763464
8874,1256.79059775239
8875,181.86504358342228
8876,434.59768791917816
8877,1229.3703398639177
8878,-518.5134960969079
8879,850.9923601898522
8880,259.9000056248213
8881,264.69469049494614
8882,-269.64525416179623
8883,755.3740670911909
8884,249.6461409982947
8885,869.3004042942827
8886,25.612921790007775
8887,270.5058141665541
8888,679.6400845265551
8889,-371.6740088227348
8890,-120.06739368139786
8891,-175.0438667533772
8892,102.26763397078255
8893,529.3642803035649
8894,-261.2412662528828
8895,-754.4223918831958
8896,-1107.1103498254363
8897,279.23535102785326
8898,362.07228509816446
8899,-508.05529826344036
8900,415.8573593787071
8901,1394.6715140944898
8902,-807.0884498895821
8903,64.90261534177277
8904,647.693400651368
8905,341.10159547402566
8906,783.9541393077935
8907,855.478502073013
8908,-597.63962679846
8909,701.4359578586059
8910,-331.46981675709895
8911,-62.99911337935673
8912,-542.9872063150495
8913,225.7030950055193
8914,-24.36436687234969
8915,676.6883445569644
8916,574.0490358758636
8917,-32.52538579699315
8918,-564.6028090418183
8919,533.6509105837008
8920,587.5110312524541
8921,788.4338363949382
8922,-380.0453593576415
8923,-161.11188011916158
8924,347.3395867623993
8925,-64.78340987032195
8926,-304.56090548715554
8927,-415.1997654361873
8928,964.8432142489339
8929,-117.64470325198418
8930,-560.0752158340028
8931,370.393207670422
8932,175.6581755764916
8933,-92.10213830326754
8934,-384.219420427319
8935,1330.584083520049
8936,1252.9648346985794
8937,-265.71703317772455
8938,294.0661592538171
8939,273.2434029342592
8940,-1059.5595837068993
8941,-913.8017736753061
8942,251.80438022087753
8943,783.4536453581089
8944,541.4022100994365
8945,714.8913964869723
8946,-145.31028110462756
8947,247.69356727918722
8948,810.0667433641573
8949,245.84438279840327
8950,954.438161722924
8951,-491.5897599241041
8952,-1130.8137406026344
8953,1269.4551946026122
8954,73.46741811154143
8955,278.61851658487006
8956,524.0547724171782
8957,621.227572747442
8958,-246.24528419749595
8959,694.9617366264065
8960,-898.4928483970718
8961,-175.60927638163406
8962,70.96926792575627
8963,175.6023981796979
8964,-87.27631423108154
8965,-511.6383594389684
8966,294.80011870128754
8967,-1026.0162925773318
8968,-1107.29074891409
8969,151.87521520836304
8970,-459.51610810320824
8971,-152.66627915105744
8972,-359.43991845375945
8973,292.2883942348552
8974,-976.9784273358929
8975,-889.4950811225481
8976,296.37295188113
8977,-1014.1033492843234
8978,-806.2171273290282
8979,160.28026564260853
8980,719.9972333925062
8981,-690.4693281286357
8982,-885.7463215716664
8983,759.3309384113094
8984,369.27001367649757
8985,-388.27514894666626
8986,551.0138216749073
8987,-826.7765524701581
8988,802.377060869365
8989,111.92871723343801
8990,407.9256738188551
8991,-126.14329491198404
8992,823.2933950497023
8993,-105.70598259671452
8994,-663.7449249409075
8995,-754.9135589957219
8996,241.08378824726668
8997,-545.4909587752796
8998,-126.07316168499503
8999,-488.69213954713933
9000,55.67705761533062
9001,12.284901974097565
9002,378.015295821727
9003,166.7396755417551
9004,177.89642264928352
9005,-1040.1216918017521
9006,-107.1497725637312
9007,695.0889337874561
9008,588.709838449148
9009,-513.9427918994194
9010,1340.5309889733671
9011,3.7563466609179983
9012,728.1563802943415
9013,470.49974428432284
9014,-98.82359008376844
9015,302.58592363270816
9016,-360.9758969572592
9017,638.3608880179398
9018,429.06086445848445
9019,141.51144431728142
9020,-562.7782919162802
9021,-1018.6756555504143
9022,15.930416487891126
9023,-687.307098992767
9024,1070.6524123411284
9025,648.2355725752938
9026,418.31975119848
9027,876.2450922244326
9028,208.74715172905644
9029,619.9406324029111
9030,62.84342176708543
9031,-22.33227170663791
9032,472.8600706875521
9033,-79.23949065558595
9034,281.79723007179007
9035,780.7070223943491
9036,-817.853063829725
9037,1155.1261377079927
9038,502.5424651309716
9039,197.25541627792046
9040,-1268.0389620892581
9041,122.583768587384
9042,-469.9815825563606
9043,-903.5528790817683
9044,-286.2291293774148
9045,250.49016867127938
9046,75.76660214178075
9047,-263.9404681639691
9048,-774.0697094278024
9049,-897.9870764471552
9050,-253.54681540239096
9051,-547.1489215600982
9052,-65.82274072257054
9053,337.2027124933474
9054,716.4342844343886
9055,165.21099230709973
9056,1304.6136768109188
9057,-325.7906791486409
9058,-1213.4992123764275
9059,196.56716707587026
9060,287.70598500049033
9061,-587.5235200583475
9062,-527.8323713988766
9063,-472.1647110099998
9064,263.9305222708065
9065,91.94345422577216
9066,-360.0184293643304
9067,720.8812368405094
9068,-294.6430813689897
9069,5.512710092458661
9070,852.882225053234
9071,494.67862180486355
9072,-218.26550598821728
9073,73.6498226723776
9074,529.7630435422337
9075,869.6304446861732
9076,431.2289505295442
9077,-474.2539604110463
9078,96.86718634693956
9079,454.0028845498287
9080,-156.9457378476327
9081,-469.8680421638809
9082,-1120.014667109813
9083,567.8970634178695
9084,-826.4532830064641
9085,318.40925060081844
9086,278.6593163542563
9087,106.10851886969506
9088,181.92464506966843
9089,564.6968666558512
9090,808.6895944932754
9091,256.06874532609476
9092,-1087.6777624544147
9093,-290.28437417974743
9094,350.15304145282477
9095,833.8540371403285
9096,1268.5495183980113
9097,1062.8599785979782
9098,355.1569969342546
9099,278.1068914203578
9100,582.2721880464389
9101,191.03320135109686
9102,784.8065778294209
9103,673.0315409620945
9104,867.7414105397406
9105,991.743437725384
9106,-740.7259798027706
9107,-260.3472492411067
9108,-420.16964387797384
9109,26.206340327514916
9110,-720.8405803205118
9111,-1328.4563286141579
9112,-392.0529811858981
9113,-101.48631859124768
9114,286.5513793370824
9115,-111.72232181054335
9116,-254.0238326955369
9117,420.8571609650026
9118,190.18208281621463
9119,888.5441197603825
9120,420.05326817913107
9121,-185.90023480364994
9122,652.9314711288051
9123,393.1058032398017
9124,-477.88039596124776
9125,642.0111595849174
9126,-363.0981260416791
9127,-162.10622936656
9128,-355.78629437324844
9129,-825.5866282346961
9130,274.08666514410817
9131,952.2910659714265
9132,-76.01488816529937
9133,-183.261252639163
9134,-402.39180452026784
9135,575.6633702290676
9136,-136.63230600437043
9137,207.32647684437728
9138,-276.8379256495269
9139,762.8756252690367
9140,342.97227367927536
9141,-389.4745753342853
9142,152.12239880984714
9143,229.7687088889773
9144,612.6034445297312
9145,-904.2553377778895
9146,144.59692737811332
9147,-237.32276450641479
9148,365.630772458898
9149,988.533166804137
9150,-556.5456216357406
9151,-96.50603003246182
9152,-120.9606278052654
9153,-125.91914763608507
9154,44.47007074658506
9155,-465.3001963254158
9156,-257.02275234920336
9157,-374.83015952781665
9158,574.7900050277427
9159,-220.09706121058446
9160,41.28375570353835
9161,-713.3565052688296
9162,501.05500878528534
9163,757.2100481008142
9164,739.1938506021771
9165,-633.9050411236233
9166,-531.9745865876426
9167,-585.504196232005
9168,476.7486015136232
9169,-268.72935477235353
9170,606.0897117051824
9171,-1474.3338123751707
9172,498.17671226012123
9173,318.51650569279525
9174,-214.74345427111314
9175,222.4281351119971
9176,-264.5618230512945
9177,-192.5211301217418
9178,555.8819724334164
9179,30.533012118997327
9180,826.708619725961
9181,805.9911617121767
9182,-147.46710015656555
9183,-282.8514415438329
9184,1132.3100956030282
9185,-608.1057124039856
9186,165.6946686523475
9187,-121.99054974632136
9188,292.5273043541851
9189,285.02300353593284
9190,167.09151318851224
9191,-541.7909187068384
9192,910.1574574649293
9193,650.7894731070089
9194,1191.942314703747
9195,62.78431478347865
9196,41.17907087328867
9197,1182.702480840617
9198,-82.9089394369938
9199,886.2123413679386
9200,186.1370986686967
9201,330.8324665692783
9202,26.868139167227127
9203,-112.46678438461042
9204,-1281.9120719197638
9205,-724.9295498508675
9206,-862.0544748378865
9207,98.03326061930004
9208,818.6714941164768
9209,68.89119593191938
9210,-457.69890020173415
9211,-64.57679420673317
9212,-273.3301808387297
9213,1071.513437115705
9214,31.745196706363174
9215,17.524262820743036
9216,507.208203776613
9217,-871.8790233748623
9218,-547.8636315440843
9219,297.64072172705517
9220,1197.3642930443712
9221,595.0259276829039
9222,-177.44298405850742
9223,-188.67417770394786
9224,-494.2213115020847
9225,833.6914468099756
9226,1422.7983350071252
9227,1224.991750164129
9228,-252.4800236674542
9229,36.54922438118751
9230,-398.53365543960643
9231,-441.5766719503719
9232,-400.94209561634085
9233,186.86604282641474
9234,-940.1126807395249
9235,-259.6777699242002
9236,-596.027569013683
9237,246.1238556818426
9238,479.0808828292426
9239,228.77669882490392
9240,500.25216641344156
9241,-223.1358358151125
9242,94.47793520864654
9243,-703.9436071851403
9244,47.28369317700508
9245,386.4681680088686
9246,235.14869087912257
9247,-319.9977283824395
9248,371.89693448715263
9249,-797.8806582899009
9250,594.3188444395246
9251,-177.9392480037505
9252,613.5100072495559
9253,-441.36956650920433
9254,-294.22839904648475
9255,345.4369709785345
9256,654.486796948599
9257,300.0795561965838
9258,-80.67865550880346
9259,1412.5693597874324
9260,1327.703366288782
9261,355.3469263078325
9262,-880.3950708248067
9263,225.28765813465452
9264,-12.867426453841333
9265,-289.63154400434485
9266,692.3914353476853
9267,273.1827582430224
9268,636.4767596517946
9269,-318.4215293141134
9270,-578.4979191893383
9271,416.72202228850944
9272,281.92694713687627
9273,200.69251528539706
9274,-312.4369474004029
9275,-160.14635664719958
9276,-737.0716127859316
9277,-671.9321826341117
9278,-1241.4644611219915
9279,-499.55515581237086
9280,-255.82449469151538
9281,477.2560239432736
9282,704.2590003417106
9283,439.05460539410075
9284,326.9009375537175
9285,1104.315044344811
9286,-604.1978854566318
9287,-494.75740776510173
9288,1006.3043213623271
9289,75.25431650985361
9290,141.36836515458089
9291,635.8120180745411
9292,1290.4280894411745
9293,107.58425606380615
9294,-309.770513180557
9295,-353.6811259384757
9296,-211.69436771567177
9297,-109.42684889078794
9298,50.29096613511334
9299,569.6445750559164
9300,-1005.0029403001492
9301,-12.471335278723231
9302,847.8716031728859
9303,-444.9934779099871
9304,300.88010407375253
9305,327.11503804530076
9306,72.36863379018054
9307,-223.99577511101006
9308,-971.8091372498883
9309,-8.519879932299688
9310,761.0662946667424
9311,71.51428249848372
9312,880.2723757468987
9313,176.43071372084682
9314,64.74605421952172
9315,97.41939514908047
9316,-691.8949083267919
9317,783.0464694528418
9318,-556.2524483181453
9319,485.9469594702479
9320,863.6050619314192
9321,-618.4338498544897
9322,231.27774858016238
9323,522.2620579165991
9324,735.1876535112789
9325,-340.92500289588884
9326,744.5898509954468
9327,1205.5733288448148
9328,134.14166574443425
9329,214.0883060084048
9330,-220.27630821533234
9331,134.5760309034726
9332,730.4332375372705
9333,125.21030142513763
9334,614.4142936350559
9335,880.3528375754515
9336,-552.0922464415138
9337,-538.7731677217224
9338,1221.8108365478276
9339,60.11880517138154
9340,-249.3660532009061
9341,-286.0363393854975
9342,179.66804330202768
9343,-375.04411443038646
9344,442.29363140884794
9345,-210.06940759880024
9346,-492.81717440119115
9347,530.620180608313
9348,1339.8389637317441
9349,153.369830426151
9350,-1425.1074061340864
9351,746.2115078997076
9352,-867.0029734042348
9353,45.99853742699079
9354,756.3152120161747
9355,1110.8044918227936
9356,-66.71781193501262
9357,755.6755045222848
9358,243.69477608764367
9359,-117.93353652518067
9360,669.7340297765268
9361,287.6953435585603
9362,-846.5659977143038
9363,617.4553512173153
9364,676.5627094393236
9365,659.7445658054625
9366,299.2662824763276
9367,-413.09418001927344
9368,-534.6786708694217
9369,888.6792016860614
9370,298.34662954211296
9371,-740.5531934414419
9372,-367.6175685512879
9373,864.4050254399302
9374,-1062.7315934893766
9375,107.8855534596992
9376,-219.18495454173393
9377,-304.7587935719447
9378,505.4728906333467
9379,612.4805845769412
9380,-306.164668715175
9381,-235.39381629056703
9382,574.4080542460467
9383,-452.65122857131263
9384,-191.4229638740793
9385,-997.971291047827
9386,-978.5450501735371
9387,485.8624304098385
9388,458.49495004536806
9389,443.17312589593035
9390,711.8149878627179
9391,-392.8365591246506
9392,-879.0823506849316
9393,-1143.2670973252464
9394,1028.251240777958
9395,-246.36963778762725
9396,568.7224378137279
9397,42.27901627767024
9398,151.42172691079702
9399,778.28828151643
9400,810.9279639710336
9401,786.3771564736783
9402,282.1532379089461
9403,40.46610785503668
9404,367.3525216548509
9405,1390.3375521383539
9406,454.4634584517284
9407,-199.58364200748662
9408,-358.800756875966
9409,1011.7476853114578
9410,461.51635260328527
9411,1587.534941683272
9412,1367.019290959238
9413,-535.7119831971652
9414,-241.88233914523596
9415,1081.8682729282818
9416,746.2721282369624
9417,192.86025398509486
9418,1018.8833710703774
9419,1171.330794921643
9420,647.2567789381507
9421,298.2698828098932
9422,696.9675640412909
9423,1478.4431136256524
9424,367.9094972178033
9425,421.89502074540934
9426,-263.6441732200274
9427,393.47273208093014
9428,350.1379994781593
9429,-748.0887899364916
9430,-942.4338571808377
9431,-1251.0735729125684
9432,937.3056783543052
9433,-460.15506186359056
9434,366.3750057237502
9435,401.1094639069001
9436,625.1547621959211
9437,-377.87995097377654
9438,-99.57037793328853
9439,240.4399956369569
9440,-117.53441868430649
9441,249.41299361706479
9442,544.9338037230167
9443,111.45598349703707
9444,-662.5022949745068
9445,560.5260623083868
9446,1173.0371008346797
9447,179.7846325404514
9448,-927.3995718029008
9449,-53.66174154182026
9450,230.8757467723521
9451,-388.7829189530133
9452,-327.93136647472846
9453,767.9728676833676
9454,984.2594151286576
9455,-412.0110699590086
9456,1281.6755607485518
9457,561.1863095450531
9458,-1001.9582270784887
9459,31.638466213255583
9460,-899.1513678349695
9461,162.46046836681847
9462,1085.5503681930697
9463,747.9570296055668
9464,858.2338901406498
9465,579.0739724309121
9466,-524.1704742664498
9467,-763.211680322749
9468,1002.6695775757945
9469,-18.300387382236956
9470,-429.78563020997854
9471,1119.951764282346
9472,777.9717543026062
9473,-590.5930316471117
9474,214.27436159724738
9475,-457.4959328288931
9476,557.5927288744987
9477,644.2286141827897
9478,775.2037531551937
9479,471.2173695897925
9480,-869.896621803458
9481,-905.916793982573
9482,649.7504120468438
9483,-662.7364085588285
9484,-165.3166402293325
9485,-429.30398119063494
9486,965.1479665358393
9487,-620.2417496729016
9488,554.0033104651843
9489,1109.925574242178
9490,-261.17894989422047
9491,214.46850432982615
9492,779.3267439257139
9493,1169.0508491339963
9494,260.43238001671756
9495,-804.43598986481
9496,176.30681621472814
9497,-211.1572106021796
9498,-901.9285328293944
9499,-95.99304721410644
9500,944.9260912746495
9501,500.87384736959615
9502,-746.6730904928868
9503,-388.86094776028517
9504,556.3294075961038
9505,-373.02547038721667
9506,-400.5060827418216
9507,-725.4397890244632
9508,1243.17804376741
9509,510.09497391754786
9510,895.2889882176171
9511,-807.3033644140357
9512,264.2482067943718
9513,90.24585174985448
9514,390.90860463734964
9515,572.9116350890071
9516,182.24705575866324
9517,235.03606946943296
9518,-360.0657476872263
9519,770.0806005721946
9520,992.8750876415753
9521,498.5038240027692
9522,-326.00258762817055
9523,132.4800414789201
9524,756.5489063162789
9525,82.55621645203753
9526,-736.3868667289287
9527,-994.5505566670911
9528,-239.79856708177027
9529,1185.163449811532
9530,-75.63065694198401
9531,625.6656534363548
9532,451.78960624056225
9533,740.9348574747004
9534,-299.01560836086645
9535,187.23718895102013
9536,273.7228496704887
9537,958.0948799948038
9538,-451.6805353637782
9539,-757.8299503308077
9540,431.87266449648877
9541,-455.41853481367474
9542,243.8409132152272
9543,364.81400722879033
9544,322.20967898208215
9545,341.743882520643
9546,642.7900268667024
9547,-894.2838295829777
9548,721.0744308485356
9549,151.22370023702837
9550,-539.9206380231182
9551,190.0506125176604
9552,394.944588485529
9553,60.15230383512095
9554,-847.5189073362579
9555,-582.2129439460972
9556,823.8542732999755
9557,-328.85683341270556
9558,-89.04122126485919
9559,1097.6949550142076
9560,-1079.34497303421
9561,1155.0527131194283
9562,1254.1291699957005
9563,-771.562885349719
9564,1467.8237272524127
9565,-151.0714632329594
9566,-434.7568452530201
9567,0.5587895318166005
9568,-750.7466020749639
9569,-978.462247130579
9570,-659.0720248429784
9571,215.84786226691227
9572,1180.0883267222016
9573,470.5756515728009
9574,195.2981500971572
9575,-1172.487570883085
9576,-1243.567837816615
9577,-463.86727146868174
9578,-105.55345471896548
9579,-17.90642411309792
9580,316.91112195079046
9581,1033.8741505060798
9582,-853.1947716390978
9583,-950.4923613037811
9584,715.9058447464656
9585,-417.6385187777373
9586,1460.077849968391
9587,-533.1691035297149
9588,-379.7604016811387
9589,251.74075368368034
9590,-594.7935097957203
9591,-63.97626821332544
9592,122.51823414713547
9593,-221.21016767326728
9594,784.0167338516011
9595,-405.27763838314485
9596,578.3868736458936
9597,286.4128761110187
9598,-262.2564714261806
9599,91.4179889635806
9600,411.41381291983566
9601,-684.5399180644296
9602,526.5068119124447
9603,713.5201608465164
9604,614.1747048025858
9605,-66.95651986920484
9606,235.52374168110362
9607,319.2806214037317
9608,341.87151472935443
9609,-46.79729402022275
9610,1250.796476717167
9611,-252.14034309167857
9612,667.0268106246857
9613,491.01354997276263
9614,-178.53053556812557
9615,636.8385305032778
9616,711.6256445618028
9617,1122.8703013699746
9618,399.7561837350068
9619,-159.88318290297718
9620,674.6386463368847
9621,-1176.946867748169
9622,491.7390091547741
9623,-742.4057105910061
9624,526.4994762802128
9625,236.95435202864326
9626,-355.32707155005613
9627,329.0950516017869
9628,220.33551271877423
9629,-1043.5934523747262
9630,460.5046596297018
9631,377.9085047412399
9632,-1083.051111897385
9633,-352.30286845741153
9634,615.5947774935651
9635,-442.6643110945209
9636,677.4957788787797
9637,436.79714903481266
9638,306.39066610851086
9639,-608.4815117737405
9640,-628.450839053542
9641,532.7414819983602
9642,-452.4731169513734
9643,808.554028677052
9644,45.155696375492056
9645,-223.561674783789
9646,304.3633216893184
9647,-594.7675234905604
9648,943.0329405141268
9649,-283.9652231782061
9650,655.877799076766
9651,-520.0334773216896
9652,-365.70805561098643
9653,211.65918300256158
9654,154.902082291584
9655,488.1096863560296
9656,502.3884479198869
9657,220.88969700467447
9658,-579.3257465898826
9659,727.4699210893006
9660,750.228540991021
9661,79.93067635782928
9662,-251.6179542377189
9663,258.45116611222176
9664,630.8427046949636
9665,316.4633700636576
9666,300.88419921011285
9667,-1068.1525487986216
9668,839.0658595167608
9669,802.7331239086292
9670,-779.5888974697486
9671,548.6402127128136
9672,825.1892538676972
9673,462.59766775764103
9674,-402.63650961985854
9675,-786.5213298898055
9676,-697.2845352784298
9677,-34.245995188545066
9678,1026.1880919974376
9679,696.1110190031206
9680,-569.7879985692477
9681,-214.19080338424624
9682,-734.3602847706221
9683,218.64689447920864
9684,-234.87257102531032
9685,-934.4721665477034
9686,-400.5045623721625
9687,-325.266782118015
9688,841.6545033414637
9689,577.9854614580346
9690,-120.44874594808384
9691,-916.4460477084538
9692,1083.6067547728614
9693,-572.7232741990636
9694,-260.12193771865213
9695,-892.9297670627944
9696,-6.1781997488539275
9697,493.0927339724927
9698,-343.576113362234
9699,-476.04431596420517
9700,307.02496439877854
9701,-124.99312957034525
9702,-913.8784065307481
9703,922.9534208604948
9704,701.0763259863753
9705,-852.6107595652019
9706,605.8887396708234
9707,408.90009138119154
9708,81.37650988586348
9709,-449.9337855355509
9710,-850.8536800049354
9711,150.08946974701325
9712,59.89387859281007
9713,-1151.1406007485211
9714,594.1855658801331
9715,681.199547710802
9716,571.6941959776042
9717,180.68427988609614
9718,235.2651290278879
9719,19.489596470649516
9720,355.4869725331764
9721,231.2180825032765
9722,444.791070504327
9723,-415.0233535879258
9724,-41.88144648802789
9725,-3.204712854317691
9726,364.2888111463373
9727,356.8802887015696
9728,-590.0158153051697
9729,93.57233186315766
9730,-566.2226041597206
9731,-403.4803993120408
9732,558.750423418832
9733,218.61839810286398
9734,80.85181837804545
9735,52.53385933115548
9736,-452.75818820647356
9737,-524.0171047591999
9738,-524.9646109985312
9739,-514.7456077029009
9740,222.55703467897501
9741,296.75698963162534
9742,314.5298989364873
9743,-705.0226191666932
9744,-239.71719664433044
9745,1212.5688291773365
9746,-57.91878582310569
9747,-241.423180780064
9748,-168.04511095188474
9749,-52.98876878650647
9750,663.8910471189452
9751,-46.86559351009316
9752,139.63578434636588
9753,400.5670681568935
9754,350.5583549506543
9755,886.108036329725
9756,161.70794374678997
9757,372.0224448288267
9758,1379.0168682474211
9759,230.01206525543546
9760,912.7939496326065
9761,-873.3799446831297
9762,470.1016637783183
9763,214.08148852458254
9764,-430.45943710280915
9765,1037.535407643487
9766,82.41173927365908
9767,1183.9790329129412
9768,347.9713123973412
9769,-805.0632520483807
9770,-131.74194016722055
9771,-374.91532345904244
9772,770.2562510758178
9773,308.48729457172414
9774,613.8568064726493
9775,980.0822923528742
9776,-130.27851081802493
9777,836.5436349737671
9778,253.59113618753184
9779,-410.28337967237775
9780,-905.4751993435785
9781,-98.7212070477006
9782,-123.34983269303503
9783,797.0961031703015
9784,306.0345497568474
9785,739.6899548551738
9786,-393.16608419050624
9787,156.12745517500878
9788,-150.64792723931032
9789,526.5821525931591
9790,546.3217941948691
9791,-722.4964974934145
9792,384.6221219123997
9793,-294.4942342773838
9794,310.73464691926466
9795,376.2147877928305
9796,-662.9596236354599
9797,691.9017817525975
9798,-1040.9626105966706
9799,605.1461825102466
9800,601.192096115054
9801,876.7281643770874
9802,1014.2615516253892
9803,-90.00961606565211
9804,-634.7147169687428
9805,437.968211340725
9806,499.6357073785039
9807,478.41251602708815
9808,279.7088558381446
9809,334.445106644134
9810,-201.7952894609494
9811,112.06714856071508
9812,403.6701291722301
9813,-92.3457582871322
9814,-522.3782964804883
9815,683.1293859405578
9816,10.741591726276695
9817,-248.6764543210095
9818,-633.7639929501547
9819,-937.5678624398685
9820,547.58056518419
9821,-804.2079744142892
9822,574.7284305831384
9823,819.9897414030614
9824,-407.9200485376823
9825,-455.69028979855403
9826,114.99490215084474
9827,-245.42130918398698
9828,578.482912275179
9829,942.3996494119864
9830,-298.9862806510516
9831,-235.6962623886484
9832,293.3800568768573
9833,89.2728807882389
9834,750.0554038656187
9835,596.5376361535392
9836,695.1243768556511
9837,177.00365031473882
9838,316.6408257507016
9839,339.9967744206682
9840,494.193557214643
9841,219.48938677625785
9842,-325.3854691165573
9843,-289.6780356874917
9844,-1177.8185302972506
9845,-231.2365342591237
9846,100.80492788478459
9847,-918.2954263325465
9848,-834.2827066633968
9849,92.68086638873935
9850,-407.46920491690776
9851,24.886395836018266
9852,344.6544376058209
9853,31.414285152053665
9854,-625.9809968080218
9855,621.6234585477334
9856,-293.5366488730112
9857,396.4541429638467
9858,-621.1832358626122
9859,369.16353684883376
9860,-898.7990521472649
9861,531.1167023473657
9862,-720.0467634090687
9863,-18.60018673597365
9864,-1099.4592115376574
9865,703.8036856867159
9866,997.2853462495913
9867,49.86855914104035
9868,154.66330154392085
9869,559.5024960399998
9870,-258.4008407576367
9871,-869.1485459292329
9872,-120.81049273630465
9873,-512.6227772388901
9874,22.448789466154043
9875,-132.7385403484824
9876,-94.74373085984772
9877,-544.7953799535583
9878,180.34634830851633
9879,319.12790811972286
9880,1160.6777203427173
9881,-286.9073802325248
9882,-355.5760928523109
9883,-517.4887419481036
9884,1104.6711169733494
9885,-913.3786389250423
9886,401.88865411444647
9887,208.54369311155233
9888,685.3172891741237
9889,-1127.497616268906
9890,3.92135979950028
9891,270.49380818251404
9892,-175.9910421246056
9893,827.3956912839757
9894,609.0237958403111
9895,829.9277739393899
9896,448.64534686502947
9897,1059.1014632833019
9898,1091.5898859941653
9899,-142.18603459103457
9900,128.93434357158856
9901,-46.35397222251965
9902,-642.0580387342769
9903,490.3237718718132
9904,-756.0059497687322
9905,320.49784112848386
9906,354.12321161374126
9907,-136.5942916189104
9908,276.50335549377337
9909,312.2003427374541
9910,112.8651269574517
9911,556.0653839347023
9912,-302.9545549465581
9913,457.37182939601456
9914,833.2503333205626
9915,-490.61768488239693
9916,209.05996990394794
9917,-35.28875370780902
9918,-87.2148566256074
9919,274.8279450914994
9920,266.16701363103596
9921,334.77418667311537
9922,194.080688384952
9923,-581.0661177356046
9924,225.2062335793645
9925,-319.48827884723846
9926,777.2419541308822
9927,195.7695649863935
9928,-110.24005601010619
9929,-135.3928599956838
9930,1082.443138870779
9931,-656.1650017896377
9932,-131.85989549520872
9933,-155.02399341738635
9934,-953.041646895703
9935,734.4756952791062
9936,-382.4033190330986
9937,-318.67100209191653
9938,444.42424626229865
9939,-69.48353015714996
9940,833.4147364797475
9941,-97.72491209244247
9942,-48.69621067314007
9943,-525.7763235796161
9944,41.51647934735894
9945,172.5132901175349
9946,-56.91549805228361
9947,-388.6553769201987
9948,-1610.5072131750655
9949,1068.8200305478304
9950,12.697976839739525
9951,579.9632820267183
9952,-888.1083218136088
9953,-284.6586044541744
9954,6.360009222865031
9955,34.35652036937322
9956,-602.0764798557532
9957,1166.4343027003301
9958,-298.66510872665145
9959,-738.6591343557188
9960,43.473053585223354
9961,-93.6129020380145
9962,1658.5856103673775
9963,-205.04562983268158
9964,949.3654105159022
9965,-465.26330522820666
9966,883.8046499899051
9967,940.0677363656885
9968,509.89286128594244
9969,-133.265348161661
9970,-207.91483228904883
9971,-1094.73607492218
9972,-79.63918726990494
9973,-331.1032353596923
9974,-397.4287239849493
9975,478.7149479132906
9976,-797.7190865959865
9977,-365.4554992557606
9978,-803.5932897375511
9979,-521.4429841026059
9980,864.5283811305318
9981,880.1531676987353
9982,57.29432998918739
9983,-1055.4471577093932
9984,-446.12337394105197
9985,462.8988235873787
9986,1059.2710344311085
9987,-772.2071975896258
9988,-349.6572119753804
9989,-896.9290754621834
9990,1125.1540782653508
9991,-689.5894150373339
9992,409.31526042483694
9993,-708.1655990348361
9994,1279.9301917321106
9995,1014.5405984457815
9996,-1195.947854680639
9997,260.02612953463887
9998,533.9812334804313
9999,689.5686909952852
10000,1040.5063143105822
